---
title: 조인(JOIN)
---

# 조인(JOIN) 개요
여러 개의 테이블을 연결하는 연산을 말한다. 이떄 결합 기준은 외래키Foreign Key이다. 즉, 외래 키를 기준으로 두 개 이상의 테이블을 서로 연결해서 하나의 결과 집합을 반환한다.

기본적으로 데이터베이스의 테이블은 무결성을 유지하고 중복 데이터를 방지하기 위해 나누어져 있다. 따라서 연관된 데이터가 여러 서로 다른 테이블에 분산되어 있는 경우 테이블을 연결해야한다.

# 이너 조인(INNER JOIN)
## 테이블 확인
```sql
USE sqldb;

-- 우선 연결할 두 테이블을 확인해보자
SELECT * FROM usertbl;
-- +--------+--------+-----------+------+---------+---------+--------+------------+
-- | userID | name   | birthYear | addr | mobile1 | mobile2 | height | mDate      |
-- +--------+--------+-----------+------+---------+---------+--------+------------+
-- | BBK    | 바비킴 |      1973 | 서울 | 010     | 0000000 |    176 | 2013-05-05 |
-- | EJW    | 은지원 |      1972 | 경북 | 011     | 8888888 |    174 | 2014-03-03 |

SELECT * FROM buytbl;
-- +-----+--------+----------+-----------+-------+--------+
-- | num | userID | prodName | groupName | price | amount |
-- +-----+--------+----------+-----------+-------+--------+
-- |   1 | KBS    | 운동화   | NULL      |    30 |      2 |
-- |   2 | KBS    | 노트북   | 전자      |  1000 |      1 |

-- buytbl의 userID는 usertbl의 프라이머리 키를 참조하는 외래 키임을 알 수 있다.
```

## INNER JOIN
```sql
-- 두 테이블을 교차 연결
SELECT *
FROM (usertbl -- 기준 테이블
     INNER JOIN buytbl -- 기준 테이블 우측에 붙을 테이블
     );
-- +--------+--------+-----------+------+---------+---------+--------+------------+-----+--------+----------+-----------+-------+--------+
-- | userID | name   | birthYear | addr | mobile1 | mobile2 | height | mDate      | num | userID | prodName | groupName | price | amount |
-- +--------+--------+-----------+------+---------+---------+--------+------------+-----+--------+----------+-----------+-------+--------+
-- | YJS    | 윤종신 |      1969 | 경남 | NULL    | NULL    |    170 | 2005-05-05 |   1 | KBS    | 운동화   | NULL      |    30 |      2 |
-- | SSK    | 성시경 |      1979 | 서울 | NULL    | NULL    |    186 | 2013-12-12 |   1 | KBS    | 운동화   | NULL      |    30 |      2 |
-- | LSG    | 이승기 |      1987 | 서울 | 011     | 1111111 |    182 | 2008-08-08 |   1 | KBS    | 운동화   | NULL      |    30 |      2 |
```
말 그래도 두 개의 테이블이 붙여졌다. usertbl의 각 로우에 대해 buytbl의 각 로우가 결합된 상황이다. 가능한 모든 경우의 수로 각 로우가 연결되었으므로 의미가 없는 (Not Semantic) 연결이 포함되어 있다.

&nbsp;

```sql
SELECT *
FROM (usertbl
     INNER JOIN buytbl
     ON usertbl.userID = buytbl.userID);
-- +--------+--------+-----------+------+---------+---------+--------+------------+-----+--------+----------+-----------+-------+--------+
-- | userID | name   | birthYear | addr | mobile1 | mobile2 | height | mDate      | num | userID | prodName | groupName | price | amount |
-- +--------+--------+-----------+------+---------+---------+--------+------------+-----+--------+----------+-----------+-------+--------+
-- | KBS    | 김범수 |      1979 | 경남 | 011     | 2222222 |    173 | 2012-04-04 |   1 | KBS    | 운동화   | NULL      |    30 |      2 |
-- | KBS    | 김범수 |      1979 | 경남 | 011     | 2222222 |    173 | 2012-04-04 |   2 | KBS    | 노트북   | 전자      |  1000 |      1 |
-- | JYP    | 조용필 |      1950 | 경기 | 011     | 4444444 |    166 | 2009-04-04 |   3 | JYP    | 모니터   | 전자      |   200 |      1 |
-- | BBK    | 바비킴 |      1973 | 서울 | 010     | 0000000 |    176 | 2013-05-05 |   4 | BBK    | 모니터   | 전자      |   200 |      5 |
```
ON 뒤에 조건을 지정하여 의미 있는 데이터만을 추려내었다.

&nbsp;

```sql
SELECT usertbl.userID, name, prodName, price, amount
FROM (usertbl
     INNER JOIN buytbl
     ON usertbl.userID = buytbl.userID);
-- +--------+--------+----------+-------+--------+
-- | userID | name   | prodName | price | amount |
-- +--------+--------+----------+-------+--------+
-- | KBS    | 김범수 | 운동화   |    30 |      2 |
-- | KBS    | 김범수 | 노트북   |  1000 |      1 |
-- | JYP    | 조용필 | 모니터   |   200 |      1 |

-- 오라클 등에서는 아래와 같이 표현할 수도 있다.
-- 그러나 비표준이므로 마이그레이션시 다른 DBMS에서 호환되지 않을 수 있으니 지양하는 것이 좋다.
SELECT usertbl.userID, name, prodName, price, amount
FROM usertbl, buytbl
WHERE usertbl.userid = buytbl.userid;

-- 아래와 같이 테이블에 별칭을 주어 축약할 수도 있다.
SELECT U.userID, name, prodName, price, amount
FROM (usertbl U
     INNER JOIN buytbl B
     ON U.userID = B.userID);
-- 일반적으로 이렇게 조회한다.
```
SELECT 뒤에 질의할 컬럼을 지정하였다. 이때 userID는 조인된 결과 집합에 두 개 컬럼이 있으므로(usertbl.userID, buytbl.userID) 테이블명을 명시하였다. 명시하지 않으면 쿼리가 모호하다는 오류가 발생한다.

&nbsp;

조인은 시간과 비용이 많이 들기 떄문에 필요한 경우에만 사용하는 것이 좋다.

[참고] 이너 조인과 크로스 조인
- 이너 조인 INNER JOIN: 가장 대표적인 조인. ON이라는 조건이 붙어있는 것이 특징
- 크로스 조인 CROSS JOIN: ON 조건이 붙지 않아서 기준 테이블의 모든 행에 전체 행을 붙여주게 됨. 머신 러닝 등 대용량 데이터가 필요할 떄 사용함.

# 응용
## 물품을 한 번이라도 구매한 기록이 있는 회원의 이름과 주소 출력
usertbl과 buytbl을 조인한 후 SELECT DISTINCT로 중복을 제거하여 출력한다.
```sql
SELECT DISTINCT name, addr
FROM usertbl U
    INNER JOIN buytbl B
    ON U.userID = B.userID;
-- +--------+------+
-- | name   | addr |
-- +--------+------+
-- | 바비킴 | 서울 |
-- | 은지원 | 경북 |
-- | 조용필 | 경기 |
-- | 김범수 | 경남 |
-- | 성시경 | 서울 |
-- +--------+------+
-- 5 rows in set (0.00 sec)
```

그러나 서버에 부하를 많이 주는 조인을 사용하지 않고 처리할 수는 없을까?

-> 서브쿼리를 이용해서 처리할 수도 있다. 그러나 보통 그렇게 하지는 않는다. 수고가 많이 들기 때문에.
```sql
SELECT U.userID, U.name, U.addr
FROM usertbl U
WHERE EXISTS(
    SELECT *
    FROM buytbl B
    WHERE U.userID = B.userID);

-- EXISTS(QUERY)는 인자로 전달된 쿼리를 실행한 후, 결과 집합에 Row가 있으면, 참을 반환한다.
```

데이터가 많지 않기 떄문에 수행 시간에 있어 큰 차이가 없지만, 데이터가 많아지면 조인을 쓰지 않는 것이 성능 상 효율이 높을 것이다.

## 학생을 기준으로 학생 이름, 지역, 가입 동아리, 동아리방 출력

우선 [12.22_예제_SQL파일.sql](../../Assets/2022-12-22%20데이터베이스%20실습/12.22_예제_SQL파일.sql)를 실행한다.

```sql
SELECT S.stdName, addr, c1.clubName, roomNo
FROM stdtbl S
     INNER JOIN stdclubtbl SC
     ON S.stdName = SC.stdName
     INNER JOIN clubtbl C          -- 순차적으로 붙여나간다
     ON SC.clubName = C.clubName
ORDER BY S.stdName;

-- +---------+------+----------+--------+
-- | stdName | addr | clubName | roomNo |
-- +---------+------+----------+--------+
-- | 김범수  | 경남 | 바둑     | 102호  |
-- | 김범수  | 경남 | 축구     | 103호  |
-- | 바비킴  | 서울 | 봉사     | 104호  |
-- | 은지원  | 경북 | 축구     | 103호  |
-- | 은지원  | 경북 | 봉사     | 104호  |
-- | 조용필  | 경기 | 축구     | 103호  |
-- +---------+------+----------+--------+
-- 6 rows in set (0.00 sec)

-- 처음부터 컬럼명을 지정해서 하려고 하면 힘들기 때문에
-- *로 조회한 후 조인해가면서 컬럼을 한정해주면 편하다.
```

# 아우터 조인(OUTTER JOIN)
## 개념
아우터 조인은 이너 조인을 한 뒤, 남는 로우를 조인된 테이블에 붙여주는 것을 말한다.

어떤 테이블의 남는 로우를 붙인 것인지에 따라 세 가지로 나눠볼 수 있다.

- Left Outer Join  
  왼쪽 테이블이 기준이다. 조인 후 왼쪽 테이블에 남는 로우를 조인된 테이블에 붙여준다. 이때 없는 데이터는 NULL로 들어간다.
- Right Outer Join  
  오른쪽 테이블에서 남는 로우를 가져와 붙인다.
- Full Outer Join  
  Left + Right

## 전체 회원의 구매기록을 조회하되, 구매 기록이 없는 회원도 출력

회원 테이블과 구매 테이블을 조인하면 구매 기록이 있는 회원들만 출력된다. 이떄는 아우터 조인을 사용해야 한다.

```sql
SELECT U.userID, name, prodName, price, amount
FROM usertbl U
     LEFT OUTER JOIN buytbl B
     ON U.userID = B.userID;
-- +--------+--------+----------+-------+--------+
-- | userID | name   | prodName | price | amount |
-- +--------+--------+----------+-------+--------+
-- | BBK    | 바비킴 | 모니터   |   200 |      5 |
-- | BBK    | 바비킴 | 메모리   |    80 |     10 |
-- | BBK    | 바비킴 | 운동화   |    30 |      2 |
-- | EJW    | 은지원 | 책       |    15 |      1 |
-- | JKW    | 조관우 | NULL     |  NULL |   NULL |
-- | KKH    | 김경호 | NULL     |  NULL |   NULL |
```

## 한 번도 구매한 적 없는 회원의 이름과 주소 출력
우선 위와 같이 모든 사용자의 구매 목록을 구한 후, 그 중 구매한 제품이 없는 사람만을 뽑아내면 된다.

```sql
SELECT U.name, addr
FROM usertbl U
     LEFT OUTER JOIN buytbl B
     ON U.userID = B.userID
WHERE prodName IS NULL;
-- NULL은 값이 아니기 때문에 다른 값과 비교 자체가 안된다. 따라서 = 대신 연산자 IS를 적어야 한다.

-- +--------+------+
-- | name   | addr |
-- +--------+------+
-- | 조관우 | 경기 |
-- | 김경호 | 전남 |
-- | 임재범 | 서울 |
-- | 이승기 | 서울 |
-- | 윤종신 | 경남 |
-- +--------+------+
-- 5 rows in set (0.00 sec)
```

&nbsp;

[참고] IS NOT NULL

**모든 사용자를 조회하되 전화가 없는 사람을 제외하고 출력**

```sql
SELECT name, CONCAT_WS('-', mobile1, mobile2)
FROM usertbl
WHERE mobile1 IS NOT NULL;
```