---
title: 내장 함수
---

MySQL은 많은 기본 내장 함수를 제공한다. 필수적인 기본 함수는 알아두는 게 좋다. 그 외의 다른 함수는 외울 필요는 없으며, 필요할 때 찾아 적용하면 된다.

# 문자열 관련 함수
## LENGTH()
문자열의 길이가 아니라, 해당 문자열을 저장하는 바이트 수를 반환
```sql
SELECT LENGTH('abcde');
-- +-----------------+
-- | LENGTH('abcde') |
-- +-----------------+
-- |               5 |
-- +-----------------+
-- 1 row in set (0.00 sec)
-- 영문은 1글자 기준으로 1바이트가 필요하므로 5글자 5바이트가 반환됨.

SELECT LENGTH('홍길동');
-- +------------------+
-- | LENGTH('홍길동') |
-- +------------------+
-- |                9 |
-- +------------------+
-- 1 row in set (0.00 sec)
-- 한글은 1글자 기준으로 3바이트가 필요하므로 3글자 9바이트가 반환됨.
```
한글 문자열의 글자수는 잘 알기 어려우므로 사용을 권하지 않는다.

## CHAR_LENGTH()
```sql
SELECT CHAR_LENGTH('홍길동');
-- +-----------------------+
-- | CHAR_LENGTH('홍길동') |
-- +-----------------------+
-- |                     3 |
-- +-----------------------+
-- 1 row in set (0.00 sec)
```

## CONCAT()
문자열을 연결한다.
```sql
SELECT CONCAT('Hello', ' World');
-- +---------------------------+
-- | CONCAT('Hello', ' World') |
-- +---------------------------+
-- | Hello World               |
-- +---------------------------+
-- 1 row in set (0.00 sec)

SELECT CONCAT('Hello', ' My', ' World'); 
-- +----------------------------------+
-- | CONCAT('Hello', ' My', ' World') |
-- +----------------------------------+
-- | Hello My World                   |
-- +----------------------------------+
-- 1 row in set (0.00 sec)
-- 인자가 세 개 이상이어도 된다.
```

## CONCAT_WS()
문자열을 연결한다. 이떄 연결자를 첫번째 인자로 지정할 수 있다.
```sql
SELECT CONCAT_WS('! ', 'Hello', 'World'); 
--- +-----------------------------------+
--- | CONCAT_WS('! ', 'Hello', 'World') |
--- +-----------------------------------+
--- | Hello! World                      |
--- +-----------------------------------+
--- 1 row in set (0.00 sec)

SELECT CONCAT_WS('! ', 'Hello', 'My', 'World');  
-- +-----------------------------------------+
-- | CONCAT_WS('! ', 'Hello', 'My', 'World') |
-- +-----------------------------------------+
-- | Hello! My! World                        |
-- +-----------------------------------------+
-- 1 row in set (0.00 sec)
```

## INSTR()
첫 번쨰 인자로 주어진 문자열에서 두 번쨰 인자로 주어진 문자열을 찾고, 그 시작 위치를 반환
```sql
SELECT INSTR('이것은소리없는아우성!!', '소리');
-- +-----------------------------------------+
-- | INSTR('이것은소리없는아우성!!', '소리') |
-- +-----------------------------------------+
-- |                                       4 |
-- +-----------------------------------------+
-- 1 row in set (0.00 sec)
-- 첫 글자의 위치가 0이 아니라 1부터 시작함에 주의.
-- 해당하는 문자열을 못찾으면 0 반환.
```

## FORMAT
소숫점 아래 몇 자리까지 표현할지 정하여 포매팅
정수부는 3자리마다 첨자를 찍어줌
```sql
SELECT FORMAT(12345678.14131355135266, 3);
-- +------------------------------------+
-- | FORMAT(12345678.14131355135266, 3) |
-- +------------------------------------+
-- | 12,345,678.141                     |
-- +------------------------------------+
-- 1 row in set (0.00 sec)
```

# 숫자, 날짜 관련 함수
## ROUND()
실수를 정수로 반올림
```sql
SELECT ROUND(3.141592);
-- +-----------------+
-- | ROUND(3.141592) |
-- +-----------------+
-- |               3 |
-- +-----------------+
-- 1 row in set (0.00 sec)
```

## CURDATE()
시스템의 현재 날짜 반환
```sql
SELECT CURDATE();
-- +------------+
-- | CURDATE()  |
-- +------------+
-- | 2022-12-22 |
-- +------------+
-- 1 row in set (0.00 sec)
```

## NOW()
시스템의 현재 날짜와 시간을 반환
```sql
SELECT NOW();
-- +---------------------+
-- | NOW()               |
-- +---------------------+
-- | 2022-12-22 12:28:40 |
-- +---------------------+
-- 1 row in set (0.00 sec)
```

## YEAR()
날짜에서 연도만 반환
```sql
SELECT YEAR(CURDATE());
-- +-----------------+
-- | YEAR(CURDATE()) |
-- +-----------------+
-- |            2022 |
-- +-----------------+
-- 1 row in set (0.00 sec)
```

## ADDDATE()
날짜를 더해줌
```sql
SELECT ADDDATE('2022-12-22', INTERVAL 2 MONTH);
-- +-----------------------------------------+
-- | ADDDATE('2022-12-22', INTERVAL 2 MONTH) |
-- +-----------------------------------------+
-- | 2023-02-22                              |
-- +-----------------------------------------+
-- 1 row in set (0.00 sec)


-- 출력된 값은 문자열이 아니라 날짜이다.
SELECT YEAR(ADDDATE('2022-12-22', INTERVAL 2 MONTH));
-- +-----------------------------------------------+
-- | YEAR(ADDDATE('2022-12-22', INTERVAL 2 MONTH)) |
-- +-----------------------------------------------+
-- |                                          2023 |
-- +-----------------------------------------------+
-- 1 row in set (0.00 sec)
```