---
title: SQL1
---

원래는 그 다음 모델링을 공부해야 한다. 모델링이란 아주 쉽게 말하면 테이블과 테이블을 설계하는 작업을 말한다. 어떻게 하면 테이블을 더 잘 만들 수 있는지 공부하는 것이다.

도메인 분석 -> 데이터 모델링

그러나 지금 현재 상황에서 논의하는 것은 의미가 없다. 조금 DB에 익숙해진 후 다시 다뤄보겠다.  
우선은 SQL을 공부하면서 테이블을 다루는 방법을 공부한다.

# 상태 조회 구문
```sql
-- 대소문자 구분을 하지 않는다
-- 하지만 가독성을 위해 키워드는 대문자, 사용자 정의(테이블명, 스키마명, 컬럼명)는 소문자로 작성한다

-- 현재 계정이 접근할 수 있는 데이터베이스 조회
SHOW DATABASES;

-- 사용할 데이터베이스를 지정한다
USE employees;

-- 테이블 상태 조회
SHOW TABLE STATUS;

-- 특정 테이블 명세 조회
DESC departments;
```

# SELECT 구문
테이블(혹은 뷰)로부터 원하는 데이터를 추출, 조회

## 1. 기본 조회
```sql
-- 어떤 컬럼이 있는지 조회
DESC employees;

-- SELECT 컬럼명1, 컬렴명2, 컬럼명3 
SELECT first_name, last_name, birth_date FROM employees;
-- 실행시 결과 집합(Result Set)이 리턴된다.
-- 혹은 Result Grid, 결과 레코드 집합 등이라고 부르기도 한다.
-- 이때 결과 집합도 하나의 테이블'처럼' 간주할 수 있다. 실제 디스크에 저장된 데이터는 아니므로 실제 테이블과는 다르다.
```

## 2. AS: Alias 이용
만약 결과 집합의 컬럼명을 바꾸고자 한다면 Alias를 이용하면 된다.  
Alias: 별칭.

```sql
SELECT first_name AS '이름 (First Name)', -- 공백이나 특수문자는 '...'
        last_name AS '성 (Last Name)',
        birth_date AS 생년월일
        FROM employees;
-- 실행 결과
-- +-------------------+----------------+------------+
-- | 이름 (First Name) | 성 (Last Name) | 생년월일   |
-- +-------------------+----------------+------------+
-- | Georgi            | Facello        | 1953-09-02 |
-- | Bezalel           | Simmel         | 1964-06-02 |
-- | Parto             | Bamford        | 1959-12-03 |
-- | Chirstian         | Koblick        | 1954-05-01 |
-- | Kyoichi           | Maliniak       | 1955-01-21 |
-- +-------------------+----------------+------------+
-- 5 rows in set (0.00 sec)
```

## 3. WHERE 조건 지정
우선 실습을 위해 아래의 SQL 스크립트를 실행한다.

[12.21_create_schema.sql](../../Assets/2022-12-21%20데이터베이스%20실습/12.21_create_schema.sql)

```
PS > cd 다운로드
PS > mysql -uroot -p
mysql> source 12.21_create_schema.sql
```

명령을 통해 잘 실행되었는지 확인한다.

```sql
SHOW DATABASES; -- 잘 실행되었는지 확인
-- +--------------------+
-- | Database           |
-- +--------------------+
-- | ...                |
-- | sqldb              |
-- | ...                |
-- +--------------------+
-- 7 rows in set (0.00 sec)

USE sqldb; -- 스키마 변경

SHOW TABLES;
-- +-----------------+
-- | Tables_in_sqldb |
-- +-----------------+
-- | buytbl          |
-- | usertbl         |
-- +-----------------+
-- 2 rows in set (0.00 sec)
```
